FID,gid,class
ReAtlas_us_geothermal.299,299,3
ReAtlas_us_geothermal.301,301,2
ReAtlas_us_geothermal.306,306,3
ReAtlas_us_geothermal.312,312,3
ReAtlas_us_geothermal.410,410,3
ReAtlas_us_geothermal.488,488,5
ReAtlas_us_geothermal.679,679,5
ReAtlas_us_geothermal.786,786,3
ReAtlas_us_geothermal.878,878,5
ReAtlas_us_geothermal.862,862,3
ReAtlas_us_geothermal.867,867,2
ReAtlas_us_geothermal.870,870,5
ReAtlas_us_geothermal.875,875,5
ReAtlas_us_geothermal.901,901,5
ReAtlas_us_geothermal.917,917,3
ReAtlas_us_geothermal.931,931,4
ReAtlas_us_geothermal.680,680,3
ReAtlas_us_geothermal.961,961,3
ReAtlas_us_geothermal.964,964,3
ReAtlas_us_geothermal.647,647,5
ReAtlas_us_geothermal.764,764,5
ReAtlas_us_geothermal.658,658,3
ReAtlas_us_geothermal.681,681,4
ReAtlas_us_geothermal.768,768,3
ReAtlas_us_geothermal.671,671,3
ReAtlas_us_geothermal.691,691,3
ReAtlas_us_geothermal.731,731,5
ReAtlas_us_geothermal.755,755,5
ReAtlas_us_geothermal.708,708,5
ReAtlas_us_geothermal.713,713,5
ReAtlas_us_geothermal.733,733,5
ReAtlas_us_geothermal.720,720,5
ReAtlas_us_geothermal.729,729,5
ReAtlas_us_geothermal.740,740,5
ReAtlas_us_geothermal.757,757,5
ReAtlas_us_geothermal.792,792,4
ReAtlas_us_geothermal.838,838,2
ReAtlas_us_geothermal.761,761,4
ReAtlas_us_geothermal.769,769,5
ReAtlas_us_geothermal.770,770,5
ReAtlas_us_geothermal.793,793,3
ReAtlas_us_geothermal.835,835,5
ReAtlas_us_geothermal.855,855,5
ReAtlas_us_geothermal.802,802,5
ReAtlas_us_geothermal.818,818,5
ReAtlas_us_geothermal.829,829,4
ReAtlas_us_geothermal.601,601,4
ReAtlas_us_geothermal.807,807,3
ReAtlas_us_geothermal.811,811,5
ReAtlas_us_geothermal.812,812,5
ReAtlas_us_geothermal.559,559,2
ReAtlas_us_geothermal.581,581,5
ReAtlas_us_geothermal.675,675,2
ReAtlas_us_geothermal.509,509,3
ReAtlas_us_geothermal.293,293,2
ReAtlas_us_geothermal.294,294,2
ReAtlas_us_geothermal.303,303,4
ReAtlas_us_geothermal.854,854,2
ReAtlas_us_geothermal.273,273,2
ReAtlas_us_geothermal.249,249,1
ReAtlas_us_geothermal.617,617,5
ReAtlas_us_geothermal.636,636,5
ReAtlas_us_geothermal.369,369,3
ReAtlas_us_geothermal.289,289,4
ReAtlas_us_geothermal.290,290,5
ReAtlas_us_geothermal.274,274,2
ReAtlas_us_geothermal.278,278,2
ReAtlas_us_geothermal.279,279,4
ReAtlas_us_geothermal.281,281,3
ReAtlas_us_geothermal.282,282,2
ReAtlas_us_geothermal.362,362,5
ReAtlas_us_geothermal.285,285,3
ReAtlas_us_geothermal.640,640,2
ReAtlas_us_geothermal.674,674,2
ReAtlas_us_geothermal.872,872,5
ReAtlas_us_geothermal.900,900,5
ReAtlas_us_geothermal.643,643,2
ReAtlas_us_geothermal.650,650,2
ReAtlas_us_geothermal.787,787,2
ReAtlas_us_geothermal.791,791,2
ReAtlas_us_geothermal.844,844,2
ReAtlas_us_geothermal.797,797,2
ReAtlas_us_geothermal.621,621,2
ReAtlas_us_geothermal.809,809,2
ReAtlas_us_geothermal.639,639,2
ReAtlas_us_geothermal.377,377,4
ReAtlas_us_geothermal.629,629,2
ReAtlas_us_geothermal.542,542,3
ReAtlas_us_geothermal.649,649,2
ReAtlas_us_geothermal.652,652,3
ReAtlas_us_geothermal.36,36,2
ReAtlas_us_geothermal.657,657,2
ReAtlas_us_geothermal.550,550,2
ReAtlas_us_geothermal.613,613,2
ReAtlas_us_geothermal.817,817,2
ReAtlas_us_geothermal.268,268,5
ReAtlas_us_geothermal.272,272,4
ReAtlas_us_geothermal.890,890,3
ReAtlas_us_geothermal.661,661,2
ReAtlas_us_geothermal.662,662,2
ReAtlas_us_geothermal.667,667,2
ReAtlas_us_geothermal.663,663,2
ReAtlas_us_geothermal.664,664,2
ReAtlas_us_geothermal.666,666,4
ReAtlas_us_geothermal.669,669,2
ReAtlas_us_geothermal.670,670,2
ReAtlas_us_geothermal.254,254,2
ReAtlas_us_geothermal.270,270,2
ReAtlas_us_geothermal.673,673,2
ReAtlas_us_geothermal.676,676,2
ReAtlas_us_geothermal.677,677,2
ReAtlas_us_geothermal.678,678,1
ReAtlas_us_geothermal.684,684,2
ReAtlas_us_geothermal.683,683,5
ReAtlas_us_geothermal.685,685,2
ReAtlas_us_geothermal.686,686,1
ReAtlas_us_geothermal.687,687,2
ReAtlas_us_geothermal.690,690,2
ReAtlas_us_geothermal.693,693,2
ReAtlas_us_geothermal.695,695,2
ReAtlas_us_geothermal.823,823,2
ReAtlas_us_geothermal.803,803,2
ReAtlas_us_geothermal.692,692,3
ReAtlas_us_geothermal.696,696,1
ReAtlas_us_geothermal.741,741,2
ReAtlas_us_geothermal.738,738,2
ReAtlas_us_geothermal.700,700,2
ReAtlas_us_geothermal.830,830,2
ReAtlas_us_geothermal.703,703,2
ReAtlas_us_geothermal.704,704,5
ReAtlas_us_geothermal.730,730,2
ReAtlas_us_geothermal.765,765,2
ReAtlas_us_geothermal.706,706,2
ReAtlas_us_geothermal.707,707,2
ReAtlas_us_geothermal.711,711,2
ReAtlas_us_geothermal.253,253,2
ReAtlas_us_geothermal.714,714,2
ReAtlas_us_geothermal.715,715,4
ReAtlas_us_geothermal.718,718,1
ReAtlas_us_geothermal.717,717,2
ReAtlas_us_geothermal.721,721,2
ReAtlas_us_geothermal.726,726,2
ReAtlas_us_geothermal.727,727,2
ReAtlas_us_geothermal.728,728,2
ReAtlas_us_geothermal.736,736,2
ReAtlas_us_geothermal.763,763,2
ReAtlas_us_geothermal.759,759,2
ReAtlas_us_geothermal.762,762,2
ReAtlas_us_geothermal.771,771,2
ReAtlas_us_geothermal.772,772,2
ReAtlas_us_geothermal.774,774,2
ReAtlas_us_geothermal.776,776,2
ReAtlas_us_geothermal.777,777,2
ReAtlas_us_geothermal.779,779,2
ReAtlas_us_geothermal.780,780,2
ReAtlas_us_geothermal.781,781,2
ReAtlas_us_geothermal.168,168,5
ReAtlas_us_geothermal.783,783,2
ReAtlas_us_geothermal.804,804,2
ReAtlas_us_geothermal.806,806,2
ReAtlas_us_geothermal.810,810,2
ReAtlas_us_geothermal.814,814,2
ReAtlas_us_geothermal.816,816,1
ReAtlas_us_geothermal.815,815,2
ReAtlas_us_geothermal.819,819,2
ReAtlas_us_geothermal.558,558,2
ReAtlas_us_geothermal.552,552,2
ReAtlas_us_geothermal.554,554,3
ReAtlas_us_geothermal.820,820,2
ReAtlas_us_geothermal.821,821,2
ReAtlas_us_geothermal.822,822,2
ReAtlas_us_geothermal.825,825,2
ReAtlas_us_geothermal.831,831,3
ReAtlas_us_geothermal.832,832,1
ReAtlas_us_geothermal.826,826,2
ReAtlas_us_geothermal.827,827,2
ReAtlas_us_geothermal.828,828,1
ReAtlas_us_geothermal.837,837,2
ReAtlas_us_geothermal.833,833,2
ReAtlas_us_geothermal.794,794,2
ReAtlas_us_geothermal.583,583,2
ReAtlas_us_geothermal.834,834,2
ReAtlas_us_geothermal.843,843,2
ReAtlas_us_geothermal.836,836,2
ReAtlas_us_geothermal.839,839,2
ReAtlas_us_geothermal.840,840,2
ReAtlas_us_geothermal.842,842,3
ReAtlas_us_geothermal.795,795,2
ReAtlas_us_geothermal.845,845,2
ReAtlas_us_geothermal.846,846,2
ReAtlas_us_geothermal.851,851,2
ReAtlas_us_geothermal.847,847,3
ReAtlas_us_geothermal.848,848,2
ReAtlas_us_geothermal.849,849,2
ReAtlas_us_geothermal.546,546,5
ReAtlas_us_geothermal.852,852,2
ReAtlas_us_geothermal.799,799,1
ReAtlas_us_geothermal.800,800,3
ReAtlas_us_geothermal.801,801,2
ReAtlas_us_geothermal.528,528,1
ReAtlas_us_geothermal.541,541,2
ReAtlas_us_geothermal.129,129,5
ReAtlas_us_geothermal.539,539,2
ReAtlas_us_geothermal.543,543,2
ReAtlas_us_geothermal.545,545,2
ReAtlas_us_geothermal.566,566,2
ReAtlas_us_geothermal.568,568,2
ReAtlas_us_geothermal.569,569,2
ReAtlas_us_geothermal.570,570,2
ReAtlas_us_geothermal.572,572,2
ReAtlas_us_geothermal.785,785,2
ReAtlas_us_geothermal.574,574,2
ReAtlas_us_geothermal.575,575,2
ReAtlas_us_geothermal.580,580,2
ReAtlas_us_geothermal.587,587,2
ReAtlas_us_geothermal.591,591,2
ReAtlas_us_geothermal.604,604,2
ReAtlas_us_geothermal.788,788,2
ReAtlas_us_geothermal.796,796,2
ReAtlas_us_geothermal.789,789,2
ReAtlas_us_geothermal.469,469,2
ReAtlas_us_geothermal.480,480,3
ReAtlas_us_geothermal.798,798,1
ReAtlas_us_geothermal.250,250,2
ReAtlas_us_geothermal.805,805,1
ReAtlas_us_geothermal.808,808,2
ReAtlas_us_geothermal.361,361,2
ReAtlas_us_geothermal.383,383,2
ReAtlas_us_geothermal.389,389,2
ReAtlas_us_geothermal.395,395,2
ReAtlas_us_geothermal.256,256,5
ReAtlas_us_geothermal.873,873,3
ReAtlas_us_geothermal.397,397,1
ReAtlas_us_geothermal.430,430,2
ReAtlas_us_geothermal.877,877,3
ReAtlas_us_geothermal.880,880,3
ReAtlas_us_geothermal.403,403,2
ReAtlas_us_geothermal.444,444,2
ReAtlas_us_geothermal.864,864,3
ReAtlas_us_geothermal.411,411,1
ReAtlas_us_geothermal.412,412,2
ReAtlas_us_geothermal.413,413,3
ReAtlas_us_geothermal.420,420,2
ReAtlas_us_geothermal.422,422,2
ReAtlas_us_geothermal.424,424,1
ReAtlas_us_geothermal.429,429,2
ReAtlas_us_geothermal.441,441,2
ReAtlas_us_geothermal.434,434,2
ReAtlas_us_geothermal.452,452,2
ReAtlas_us_geothermal.435,435,3
ReAtlas_us_geothermal.436,436,2
ReAtlas_us_geothermal.515,515,2
ReAtlas_us_geothermal.495,495,3
ReAtlas_us_geothermal.298,298,3
ReAtlas_us_geothermal.313,313,3
ReAtlas_us_geothermal.319,319,5
ReAtlas_us_geothermal.325,325,2
ReAtlas_us_geothermal.337,337,2
ReAtlas_us_geothermal.336,336,5
ReAtlas_us_geothermal.342,342,3
ReAtlas_us_geothermal.107,107,2
ReAtlas_us_geothermal.359,359,5
ReAtlas_us_geothermal.374,374,4
ReAtlas_us_geothermal.363,363,4
ReAtlas_us_geothermal.366,366,5
ReAtlas_us_geothermal.393,393,3
ReAtlas_us_geothermal.402,402,4
ReAtlas_us_geothermal.244,244,2
ReAtlas_us_geothermal.264,264,1
ReAtlas_us_geothermal.869,869,3
ReAtlas_us_geothermal.382,382,5
ReAtlas_us_geothermal.557,557,4
ReAtlas_us_geothermal.27,27,5
ReAtlas_us_geothermal.31,31,2
ReAtlas_us_geothermal.32,32,3
ReAtlas_us_geothermal.920,920,2
ReAtlas_us_geothermal.263,263,5
ReAtlas_us_geothermal.243,243,2
ReAtlas_us_geothermal.246,246,2
ReAtlas_us_geothermal.237,237,2
ReAtlas_us_geothermal.220,220,2
ReAtlas_us_geothermal.208,208,2
ReAtlas_us_geothermal.228,228,2
ReAtlas_us_geothermal.882,882,4
ReAtlas_us_geothermal.229,229,3
ReAtlas_us_geothermal.212,212,2
ReAtlas_us_geothermal.183,183,1
ReAtlas_us_geothermal.199,199,1
ReAtlas_us_geothermal.887,887,3
ReAtlas_us_geothermal.193,193,1
ReAtlas_us_geothermal.190,190,1
ReAtlas_us_geothermal.218,218,2
ReAtlas_us_geothermal.871,871,2
ReAtlas_us_geothermal.179,179,2
ReAtlas_us_geothermal.173,173,2
ReAtlas_us_geothermal.241,241,4
ReAtlas_us_geothermal.204,204,2
ReAtlas_us_geothermal.17,17,5
ReAtlas_us_geothermal.217,217,3
ReAtlas_us_geothermal.191,191,1
ReAtlas_us_geothermal.5,5,2
ReAtlas_us_geothermal.6,6,2
ReAtlas_us_geothermal.7,7,2
ReAtlas_us_geothermal.8,8,2
ReAtlas_us_geothermal.9,9,2
ReAtlas_us_geothermal.404,404,5
ReAtlas_us_geothermal.672,672,5
ReAtlas_us_geothermal.698,698,5
ReAtlas_us_geothermal.113,113,5
ReAtlas_us_geothermal.853,853,5
ReAtlas_us_geothermal.879,879,5
ReAtlas_us_geothermal.857,857,5
ReAtlas_us_geothermal.888,888,5
ReAtlas_us_geothermal.958,958,5
ReAtlas_us_geothermal.891,891,5
ReAtlas_us_geothermal.874,874,3
ReAtlas_us_geothermal.876,876,3
ReAtlas_us_geothermal.884,884,3
ReAtlas_us_geothermal.892,892,4
ReAtlas_us_geothermal.893,893,5
ReAtlas_us_geothermal.894,894,4
ReAtlas_us_geothermal.899,899,5
ReAtlas_us_geothermal.697,697,3
ReAtlas_us_geothermal.712,712,3
ReAtlas_us_geothermal.933,933,4
ReAtlas_us_geothermal.760,760,5
ReAtlas_us_geothermal.773,773,3
ReAtlas_us_geothermal.775,775,3
ReAtlas_us_geothermal.494,494,3
ReAtlas_us_geothermal.824,824,5
ReAtlas_us_geothermal.841,841,4
ReAtlas_us_geothermal.540,540,5
ReAtlas_us_geothermal.532,532,5
ReAtlas_us_geothermal.470,470,5
ReAtlas_us_geothermal.533,533,5
ReAtlas_us_geothermal.544,544,5
ReAtlas_us_geothermal.547,547,3
ReAtlas_us_geothermal.396,396,5
ReAtlas_us_geothermal.551,551,5
ReAtlas_us_geothermal.593,593,4
ReAtlas_us_geothermal.927,927,5
ReAtlas_us_geothermal.813,813,3
ReAtlas_us_geothermal.471,471,5
ReAtlas_us_geothermal.472,472,3
ReAtlas_us_geothermal.432,432,3
ReAtlas_us_geothermal.918,918,5
ReAtlas_us_geothermal.426,426,5
ReAtlas_us_geothermal.481,481,3
ReAtlas_us_geothermal.438,438,5
ReAtlas_us_geothermal.440,440,5
ReAtlas_us_geothermal.916,916,3
ReAtlas_us_geothermal.915,915,4
ReAtlas_us_geothermal.446,446,3
ReAtlas_us_geothermal.451,451,5
ReAtlas_us_geothermal.912,912,5
ReAtlas_us_geothermal.908,908,5
ReAtlas_us_geothermal.460,460,5
ReAtlas_us_geothermal.104,104,5
ReAtlas_us_geothermal.461,461,5
ReAtlas_us_geothermal.462,462,3
ReAtlas_us_geothermal.464,464,4
ReAtlas_us_geothermal.467,467,5
ReAtlas_us_geothermal.473,473,4
ReAtlas_us_geothermal.352,352,4
ReAtlas_us_geothermal.407,407,5
ReAtlas_us_geothermal.134,134,5
ReAtlas_us_geothermal.126,126,4
ReAtlas_us_geothermal.127,127,3
ReAtlas_us_geothermal.132,132,5
ReAtlas_us_geothermal.482,482,4
ReAtlas_us_geothermal.485,485,4
ReAtlas_us_geothermal.490,490,3
ReAtlas_us_geothermal.491,491,4
ReAtlas_us_geothermal.493,493,4
ReAtlas_us_geothermal.517,517,4
ReAtlas_us_geothermal.910,910,5
ReAtlas_us_geothermal.510,510,5
ReAtlas_us_geothermal.512,512,5
ReAtlas_us_geothermal.514,514,3
ReAtlas_us_geothermal.522,522,3
ReAtlas_us_geothermal.584,584,4
ReAtlas_us_geothermal.302,302,4
ReAtlas_us_geothermal.309,309,5
ReAtlas_us_geothermal.314,314,5
ReAtlas_us_geothermal.328,328,3
ReAtlas_us_geothermal.331,331,5
ReAtlas_us_geothermal.340,340,3
ReAtlas_us_geothermal.135,135,4
ReAtlas_us_geothermal.151,151,3
ReAtlas_us_geothermal.160,160,5
ReAtlas_us_geothermal.163,163,4
ReAtlas_us_geothermal.519,519,2
ReAtlas_us_geothermal.164,164,3
ReAtlas_us_geothermal.165,165,3
ReAtlas_us_geothermal.524,524,2
ReAtlas_us_geothermal.94,94,3
ReAtlas_us_geothermal.96,96,4
ReAtlas_us_geothermal.105,105,3
ReAtlas_us_geothermal.108,108,4
ReAtlas_us_geothermal.530,530,4
ReAtlas_us_geothermal.535,535,2
ReAtlas_us_geothermal.111,111,3
ReAtlas_us_geothermal.561,561,2
ReAtlas_us_geothermal.112,112,3
ReAtlas_us_geothermal.115,115,3
ReAtlas_us_geothermal.565,565,3
ReAtlas_us_geothermal.564,564,2
ReAtlas_us_geothermal.123,123,2
ReAtlas_us_geothermal.297,297,2
ReAtlas_us_geothermal.58,58,5
ReAtlas_us_geothermal.106,106,3
ReAtlas_us_geothermal.360,360,5
ReAtlas_us_geothermal.856,856,2
ReAtlas_us_geothermal.53,53,5
ReAtlas_us_geothermal.75,75,2
ReAtlas_us_geothermal.95,95,3
ReAtlas_us_geothermal.61,61,4
ReAtlas_us_geothermal.21,21,5
ReAtlas_us_geothermal.22,22,5
ReAtlas_us_geothermal.88,88,3
ReAtlas_us_geothermal.283,283,3
ReAtlas_us_geothermal.287,287,4
ReAtlas_us_geothermal.782,782,2
ReAtlas_us_geothermal.778,778,2
ReAtlas_us_geothermal.40,40,5
ReAtlas_us_geothermal.49,49,4
ReAtlas_us_geothermal.48,48,5
ReAtlas_us_geothermal.43,43,4
ReAtlas_us_geothermal.292,292,4
ReAtlas_us_geothermal.219,219,5
ReAtlas_us_geothermal.180,180,4
ReAtlas_us_geothermal.1,1,5
ReAtlas_us_geothermal.3,3,5
ReAtlas_us_geothermal.197,197,4
ReAtlas_us_geothermal.202,202,4
ReAtlas_us_geothermal.234,234,3
ReAtlas_us_geothermal.280,280,5
ReAtlas_us_geothermal.307,307,5
ReAtlas_us_geothermal.29,29,5
ReAtlas_us_geothermal.850,850,2
ReAtlas_us_geothermal.390,390,3
ReAtlas_us_geothermal.419,419,2
ReAtlas_us_geothermal.442,442,2
ReAtlas_us_geothermal.571,571,3
ReAtlas_us_geothermal.536,536,2
ReAtlas_us_geothermal.537,537,1
ReAtlas_us_geothermal.255,255,4
ReAtlas_us_geothermal.259,259,3
ReAtlas_us_geothermal.504,504,4
ReAtlas_us_geothermal.614,614,1
ReAtlas_us_geothermal.616,616,1
ReAtlas_us_geothermal.625,625,1
ReAtlas_us_geothermal.646,646,1
ReAtlas_us_geothermal.288,288,3
ReAtlas_us_geothermal.291,291,2
ReAtlas_us_geothermal.902,902,5
ReAtlas_us_geothermal.859,859,2
ReAtlas_us_geothermal.373,373,4
ReAtlas_us_geothermal.276,276,3
ReAtlas_us_geothermal.316,316,2
ReAtlas_us_geothermal.318,318,3
ReAtlas_us_geothermal.378,378,2
ReAtlas_us_geothermal.338,338,2
ReAtlas_us_geothermal.350,350,5
ReAtlas_us_geothermal.354,354,3
ReAtlas_us_geothermal.367,367,1
ReAtlas_us_geothermal.365,365,2
ReAtlas_us_geothermal.511,511,2
ReAtlas_us_geothermal.381,381,2
ReAtlas_us_geothermal.387,387,2
ReAtlas_us_geothermal.477,477,1
ReAtlas_us_geothermal.896,896,2
ReAtlas_us_geothermal.723,723,1
ReAtlas_us_geothermal.358,358,2
ReAtlas_us_geothermal.702,702,2
ReAtlas_us_geothermal.694,694,1
ReAtlas_us_geothermal.637,637,1
ReAtlas_us_geothermal.863,863,2
ReAtlas_us_geothermal.609,609,2
ReAtlas_us_geothermal.527,527,2
ReAtlas_us_geothermal.861,861,2
ReAtlas_us_geothermal.521,521,2
ReAtlas_us_geothermal.507,507,2
ReAtlas_us_geothermal.602,602,2
ReAtlas_us_geothermal.525,525,3
ReAtlas_us_geothermal.578,578,1
ReAtlas_us_geothermal.356,356,2
ReAtlas_us_geothermal.326,326,5
ReAtlas_us_geothermal.329,329,5
ReAtlas_us_geothermal.322,322,5
ReAtlas_us_geothermal.214,214,2
ReAtlas_us_geothermal.323,323,4
ReAtlas_us_geothermal.320,320,4
ReAtlas_us_geothermal.321,321,5
ReAtlas_us_geothermal.19,19,2
ReAtlas_us_geothermal.18,18,3
ReAtlas_us_geothermal.405,405,3
ReAtlas_us_geothermal.251,251,3
ReAtlas_us_geothermal.414,414,2
ReAtlas_us_geothermal.415,415,4
ReAtlas_us_geothermal.860,860,2
ReAtlas_us_geothermal.262,262,3
ReAtlas_us_geothermal.305,305,1
ReAtlas_us_geothermal.310,310,1
ReAtlas_us_geothermal.109,109,2
ReAtlas_us_geothermal.133,133,2
ReAtlas_us_geothermal.26,26,5
ReAtlas_us_geothermal.35,35,2
ReAtlas_us_geothermal.428,428,5
ReAtlas_us_geothermal.562,562,2
ReAtlas_us_geothermal.549,549,5
ReAtlas_us_geothermal.555,555,3
ReAtlas_us_geothermal.538,538,5
ReAtlas_us_geothermal.560,560,5
ReAtlas_us_geothermal.523,523,3
ReAtlas_us_geothermal.858,858,2
ReAtlas_us_geothermal.196,196,3
ReAtlas_us_geothermal.531,531,5
ReAtlas_us_geothermal.725,725,2
ReAtlas_us_geothermal.506,506,2
ReAtlas_us_geothermal.556,556,2
ReAtlas_us_geothermal.548,548,3
ReAtlas_us_geothermal.166,166,2
ReAtlas_us_geothermal.200,200,1
ReAtlas_us_geothermal.176,176,1
ReAtlas_us_geothermal.206,206,5
ReAtlas_us_geothermal.131,131,2
ReAtlas_us_geothermal.92,92,2
ReAtlas_us_geothermal.167,167,1
ReAtlas_us_geothermal.91,91,3
ReAtlas_us_geothermal.76,76,1
ReAtlas_us_geothermal.84,84,2
ReAtlas_us_geothermal.213,213,1
ReAtlas_us_geothermal.62,62,2
ReAtlas_us_geothermal.198,198,3
ReAtlas_us_geothermal.46,46,2
ReAtlas_us_geothermal.51,51,2
ReAtlas_us_geothermal.182,182,1
ReAtlas_us_geothermal.47,47,2
ReAtlas_us_geothermal.38,38,2
ReAtlas_us_geothermal.65,65,2
ReAtlas_us_geothermal.73,73,3
ReAtlas_us_geothermal.579,579,5
ReAtlas_us_geothermal.86,86,4
ReAtlas_us_geothermal.87,87,3
ReAtlas_us_geothermal.13,13,2
ReAtlas_us_geothermal.487,487,3
ReAtlas_us_geothermal.500,500,2
ReAtlas_us_geothermal.615,615,3
ReAtlas_us_geothermal.399,399,2
ReAtlas_us_geothermal.724,724,2
ReAtlas_us_geothermal.408,408,2
ReAtlas_us_geothermal.416,416,2
ReAtlas_us_geothermal.445,445,5
ReAtlas_us_geothermal.475,475,2
ReAtlas_us_geothermal.484,484,5
ReAtlas_us_geothermal.296,296,5
ReAtlas_us_geothermal.317,317,4
ReAtlas_us_geothermal.333,333,5
ReAtlas_us_geothermal.341,341,2
ReAtlas_us_geothermal.344,344,5
ReAtlas_us_geothermal.346,346,2
ReAtlas_us_geothermal.348,348,4
ReAtlas_us_geothermal.709,709,2
ReAtlas_us_geothermal.766,766,1
ReAtlas_us_geothermal.349,349,5
ReAtlas_us_geothermal.371,371,5
ReAtlas_us_geothermal.384,384,2
ReAtlas_us_geothermal.351,351,2
ReAtlas_us_geothermal.368,368,4
ReAtlas_us_geothermal.388,388,4
ReAtlas_us_geothermal.459,459,3
ReAtlas_us_geothermal.201,201,5
ReAtlas_us_geothermal.2,2,5
ReAtlas_us_geothermal.242,242,4
ReAtlas_us_geothermal.790,790,1
ReAtlas_us_geothermal.784,784,1
ReAtlas_us_geothermal.4,4,5
ReAtlas_us_geothermal.10,10,3
ReAtlas_us_geothermal.25,25,5
ReAtlas_us_geothermal.30,30,5
ReAtlas_us_geothermal.746,746,2
ReAtlas_us_geothermal.705,705,2
ReAtlas_us_geothermal.699,699,2
ReAtlas_us_geothermal.767,767,1
ReAtlas_us_geothermal.719,719,2
ReAtlas_us_geothermal.689,689,1
ReAtlas_us_geothermal.607,607,2
ReAtlas_us_geothermal.682,682,1
ReAtlas_us_geothermal.654,654,2
ReAtlas_us_geothermal.656,656,1
ReAtlas_us_geothermal.508,508,5
ReAtlas_us_geothermal.486,486,2
ReAtlas_us_geothermal.483,483,3
ReAtlas_us_geothermal.456,456,5
ReAtlas_us_geothermal.454,454,2
ReAtlas_us_geothermal.466,466,2
ReAtlas_us_geothermal.431,431,2
ReAtlas_us_geothermal.56,56,2
ReAtlas_us_geothermal.421,421,2
ReAtlas_us_geothermal.222,222,2
ReAtlas_us_geothermal.203,203,2
ReAtlas_us_geothermal.534,534,2
ReAtlas_us_geothermal.748,748,3
ReAtlas_us_geothermal.355,355,2
ReAtlas_us_geothermal.357,357,5
ReAtlas_us_geothermal.364,364,1
ReAtlas_us_geothermal.335,335,5
ReAtlas_us_geothermal.370,370,2
ReAtlas_us_geothermal.376,376,3
ReAtlas_us_geothermal.392,392,2
ReAtlas_us_geothermal.427,427,3
ReAtlas_us_geothermal.391,391,5
ReAtlas_us_geothermal.398,398,5
ReAtlas_us_geothermal.401,401,5
ReAtlas_us_geothermal.406,406,2
ReAtlas_us_geothermal.418,418,5
ReAtlas_us_geothermal.433,433,2
ReAtlas_us_geothermal.215,215,4
ReAtlas_us_geothermal.223,223,3
ReAtlas_us_geothermal.128,128,5
ReAtlas_us_geothermal.437,437,2
ReAtlas_us_geothermal.443,443,5
ReAtlas_us_geothermal.230,230,5
ReAtlas_us_geothermal.232,232,5
ReAtlas_us_geothermal.236,236,3
ReAtlas_us_geothermal.172,172,1
ReAtlas_us_geothermal.233,233,4
ReAtlas_us_geothermal.231,231,4
ReAtlas_us_geothermal.240,240,5
ReAtlas_us_geothermal.248,248,3
ReAtlas_us_geothermal.210,210,2
ReAtlas_us_geothermal.252,252,1
ReAtlas_us_geothermal.267,267,2
ReAtlas_us_geothermal.261,261,3
ReAtlas_us_geothermal.269,269,2
ReAtlas_us_geothermal.300,300,1
ReAtlas_us_geothermal.265,265,4
ReAtlas_us_geothermal.324,324,2
ReAtlas_us_geothermal.266,266,3
ReAtlas_us_geothermal.904,904,5
ReAtlas_us_geothermal.923,923,5
ReAtlas_us_geothermal.906,906,5
ReAtlas_us_geothermal.907,907,5
ReAtlas_us_geothermal.914,914,5
ReAtlas_us_geothermal.903,903,2
ReAtlas_us_geothermal.929,929,4
ReAtlas_us_geothermal.911,911,3
ReAtlas_us_geothermal.886,886,3
ReAtlas_us_geothermal.897,897,3
ReAtlas_us_geothermal.881,881,3
ReAtlas_us_geothermal.895,895,3
ReAtlas_us_geothermal.889,889,2
ReAtlas_us_geothermal.905,905,3
ReAtlas_us_geothermal.898,898,4
ReAtlas_us_geothermal.175,175,1
ReAtlas_us_geothermal.868,868,3
ReAtlas_us_geothermal.885,885,2
ReAtlas_us_geothermal.93,93,2
ReAtlas_us_geothermal.866,866,5
ReAtlas_us_geothermal.865,865,2
ReAtlas_us_geothermal.192,192,5
ReAtlas_us_geothermal.227,227,4
ReAtlas_us_geothermal.178,178,1
ReAtlas_us_geothermal.189,189,1
ReAtlas_us_geothermal.195,195,2
ReAtlas_us_geothermal.934,934,2
ReAtlas_us_geothermal.188,188,1
ReAtlas_us_geothermal.162,162,1
ReAtlas_us_geothermal.177,177,1
ReAtlas_us_geothermal.187,187,1
ReAtlas_us_geothermal.194,194,1
ReAtlas_us_geothermal.171,171,1
ReAtlas_us_geothermal.185,185,1
ReAtlas_us_geothermal.181,181,1
ReAtlas_us_geothermal.184,184,1
ReAtlas_us_geothermal.169,169,2
ReAtlas_us_geothermal.54,54,3
ReAtlas_us_geothermal.55,55,3
ReAtlas_us_geothermal.28,28,2
ReAtlas_us_geothermal.33,33,2
ReAtlas_us_geothermal.23,23,2
ReAtlas_us_geothermal.24,24,2
ReAtlas_us_geothermal.749,749,5
ReAtlas_us_geothermal.756,756,3
ReAtlas_us_geothermal.752,752,4
ReAtlas_us_geothermal.745,745,2
ReAtlas_us_geothermal.747,747,5
ReAtlas_us_geothermal.744,744,2
ReAtlas_us_geothermal.753,753,3
ReAtlas_us_geothermal.751,751,4
ReAtlas_us_geothermal.737,737,3
ReAtlas_us_geothermal.735,735,4
ReAtlas_us_geothermal.665,665,2
ReAtlas_us_geothermal.742,742,4
ReAtlas_us_geothermal.739,739,2
ReAtlas_us_geothermal.734,734,2
ReAtlas_us_geothermal.750,750,3
ReAtlas_us_geothermal.758,758,2
ReAtlas_us_geothermal.754,754,5
ReAtlas_us_geothermal.743,743,3
ReAtlas_us_geothermal.138,138,2
ReAtlas_us_geothermal.660,660,1
ReAtlas_us_geothermal.722,722,3
ReAtlas_us_geothermal.644,644,1
ReAtlas_us_geothermal.573,573,2
ReAtlas_us_geothermal.216,216,2
ReAtlas_us_geothermal.209,209,2
ReAtlas_us_geothermal.205,205,2
ReAtlas_us_geothermal.186,186,2
ReAtlas_us_geothermal.97,97,3
ReAtlas_us_geothermal.150,150,2
ReAtlas_us_geothermal.489,489,2
ReAtlas_us_geothermal.347,347,1
ReAtlas_us_geothermal.239,239,3
ReAtlas_us_geothermal.119,119,5
ReAtlas_us_geothermal.117,117,2
ReAtlas_us_geothermal.156,156,2
ReAtlas_us_geothermal.286,286,3
ReAtlas_us_geothermal.124,124,2
ReAtlas_us_geothermal.158,158,1
ReAtlas_us_geothermal.157,157,1
ReAtlas_us_geothermal.146,146,3
ReAtlas_us_geothermal.143,143,2
ReAtlas_us_geothermal.149,149,1
ReAtlas_us_geothermal.155,155,2
ReAtlas_us_geothermal.154,154,1
ReAtlas_us_geothermal.152,152,2
ReAtlas_us_geothermal.148,148,2
ReAtlas_us_geothermal.141,141,2
ReAtlas_us_geothermal.153,153,2
ReAtlas_us_geothermal.144,144,2
ReAtlas_us_geothermal.130,130,5
ReAtlas_us_geothermal.142,142,5
ReAtlas_us_geothermal.145,145,3
ReAtlas_us_geothermal.114,114,2
ReAtlas_us_geothermal.139,139,3
ReAtlas_us_geothermal.101,101,2
ReAtlas_us_geothermal.81,81,2
ReAtlas_us_geothermal.89,89,2
ReAtlas_us_geothermal.90,90,2
ReAtlas_us_geothermal.98,98,2
ReAtlas_us_geothermal.716,716,2
ReAtlas_us_geothermal.732,732,3
ReAtlas_us_geothermal.701,701,3
ReAtlas_us_geothermal.688,688,5
ReAtlas_us_geothermal.710,710,2
ReAtlas_us_geothermal.668,668,2
ReAtlas_us_geothermal.648,648,2
ReAtlas_us_geothermal.659,659,2
ReAtlas_us_geothermal.641,641,2
ReAtlas_us_geothermal.638,638,2
ReAtlas_us_geothermal.136,136,2
ReAtlas_us_geothermal.642,642,2
ReAtlas_us_geothermal.122,122,2
ReAtlas_us_geothermal.120,120,3
ReAtlas_us_geothermal.82,82,2
ReAtlas_us_geothermal.80,80,3
ReAtlas_us_geothermal.448,448,2
ReAtlas_us_geothermal.453,453,5
ReAtlas_us_geothermal.628,628,2
ReAtlas_us_geothermal.634,634,2
ReAtlas_us_geothermal.653,653,3
ReAtlas_us_geothermal.476,476,2
ReAtlas_us_geothermal.627,627,2
ReAtlas_us_geothermal.620,620,2
ReAtlas_us_geothermal.633,633,2
ReAtlas_us_geothermal.501,501,5
ReAtlas_us_geothermal.576,576,2
ReAtlas_us_geothermal.567,567,2
ReAtlas_us_geothermal.630,630,2
ReAtlas_us_geothermal.207,207,3
ReAtlas_us_geothermal.137,137,2
ReAtlas_us_geothermal.465,465,5
ReAtlas_us_geothermal.474,474,5
ReAtlas_us_geothermal.496,496,5
ReAtlas_us_geothermal.502,502,2
ReAtlas_us_geothermal.518,518,5
ReAtlas_us_geothermal.334,334,2
ReAtlas_us_geothermal.526,526,2
ReAtlas_us_geothermal.529,529,4
ReAtlas_us_geothermal.311,311,3
ReAtlas_us_geothermal.37,37,2
ReAtlas_us_geothermal.327,327,5
ReAtlas_us_geothermal.332,332,3
ReAtlas_us_geothermal.345,345,2
ReAtlas_us_geothermal.353,353,2
ReAtlas_us_geothermal.380,380,4
ReAtlas_us_geothermal.385,385,1
ReAtlas_us_geothermal.386,386,3
ReAtlas_us_geothermal.258,258,2
ReAtlas_us_geothermal.260,260,2
ReAtlas_us_geothermal.330,330,3
ReAtlas_us_geothermal.99,99,5
ReAtlas_us_geothermal.52,52,5
ReAtlas_us_geothermal.44,44,3
ReAtlas_us_geothermal.100,100,2
ReAtlas_us_geothermal.14,14,4
ReAtlas_us_geothermal.78,78,2
ReAtlas_us_geothermal.211,211,5
ReAtlas_us_geothermal.102,102,3
ReAtlas_us_geothermal.41,41,2
ReAtlas_us_geothermal.275,275,3
ReAtlas_us_geothermal.271,271,5
ReAtlas_us_geothermal.39,39,2
ReAtlas_us_geothermal.79,79,2
ReAtlas_us_geothermal.74,74,2
ReAtlas_us_geothermal.582,582,5
ReAtlas_us_geothermal.66,66,4
ReAtlas_us_geothermal.77,77,5
ReAtlas_us_geothermal.63,63,5
ReAtlas_us_geothermal.57,57,4
ReAtlas_us_geothermal.60,60,5
ReAtlas_us_geothermal.67,67,5
ReAtlas_us_geothermal.69,69,2
ReAtlas_us_geothermal.45,45,3
ReAtlas_us_geothermal.50,50,4
ReAtlas_us_geothermal.85,85,2
ReAtlas_us_geothermal.59,59,3
ReAtlas_us_geothermal.83,83,4
ReAtlas_us_geothermal.42,42,5
ReAtlas_us_geothermal.72,72,5
ReAtlas_us_geothermal.20,20,4
ReAtlas_us_geothermal.64,64,2
ReAtlas_us_geothermal.606,606,5
ReAtlas_us_geothermal.590,590,3
ReAtlas_us_geothermal.624,624,4
ReAtlas_us_geothermal.631,631,5
ReAtlas_us_geothermal.12,12,4
ReAtlas_us_geothermal.513,513,4
ReAtlas_us_geothermal.635,635,4
ReAtlas_us_geothermal.34,34,4
ReAtlas_us_geothermal.71,71,3
ReAtlas_us_geothermal.118,118,3
ReAtlas_us_geothermal.400,400,5
ReAtlas_us_geothermal.121,121,5
ReAtlas_us_geothermal.125,125,3
ReAtlas_us_geothermal.147,147,5
ReAtlas_us_geothermal.295,295,5
ReAtlas_us_geothermal.161,161,5
ReAtlas_us_geothermal.245,245,4
ReAtlas_us_geothermal.140,140,4
ReAtlas_us_geothermal.70,70,3
ReAtlas_us_geothermal.247,247,5
ReAtlas_us_geothermal.425,425,5
ReAtlas_us_geothermal.589,589,5
ReAtlas_us_geothermal.603,603,4
ReAtlas_us_geothermal.599,599,4
ReAtlas_us_geothermal.608,608,4
ReAtlas_us_geothermal.618,618,3
ReAtlas_us_geothermal.651,651,5
ReAtlas_us_geothermal.655,655,5
ReAtlas_us_geothermal.626,626,5
ReAtlas_us_geothermal.394,394,5
ReAtlas_us_geothermal.409,409,5
ReAtlas_us_geothermal.417,417,5
ReAtlas_us_geothermal.423,423,5
ReAtlas_us_geothermal.439,439,5
ReAtlas_us_geothermal.449,449,5
ReAtlas_us_geothermal.221,221,5
ReAtlas_us_geothermal.224,224,5
ReAtlas_us_geothermal.238,238,5
ReAtlas_us_geothermal.284,284,5
ReAtlas_us_geothermal.315,315,5
ReAtlas_us_geothermal.11,11,5
ReAtlas_us_geothermal.277,277,5
ReAtlas_us_geothermal.645,645,2
ReAtlas_us_geothermal.595,595,2
ReAtlas_us_geothermal.612,612,2
ReAtlas_us_geothermal.611,611,2
ReAtlas_us_geothermal.597,597,3
ReAtlas_us_geothermal.586,586,2
ReAtlas_us_geothermal.588,588,5
ReAtlas_us_geothermal.594,594,3
ReAtlas_us_geothermal.585,585,5
ReAtlas_us_geothermal.553,553,2
ReAtlas_us_geothermal.592,592,5
ReAtlas_us_geothermal.605,605,5
ReAtlas_us_geothermal.596,596,5
ReAtlas_us_geothermal.610,610,4
ReAtlas_us_geothermal.577,577,2
ReAtlas_us_geothermal.598,598,2
ReAtlas_us_geothermal.600,600,2
ReAtlas_us_geothermal.563,563,2
ReAtlas_us_geothermal.226,226,2
ReAtlas_us_geothermal.174,174,2
ReAtlas_us_geothermal.170,170,3
ReAtlas_us_geothermal.159,159,1
ReAtlas_us_geothermal.116,116,2
ReAtlas_us_geothermal.225,225,3
ReAtlas_us_geothermal.619,619,2
ReAtlas_us_geothermal.110,110,2
ReAtlas_us_geothermal.103,103,2
ReAtlas_us_geothermal.68,68,2
ReAtlas_us_geothermal.623,623,2
ReAtlas_us_geothermal.15,15,2
ReAtlas_us_geothermal.622,622,2
ReAtlas_us_geothermal.632,632,2
ReAtlas_us_geothermal.16,16,2
ReAtlas_us_geothermal.447,447,5
ReAtlas_us_geothermal.455,455,5
ReAtlas_us_geothermal.457,457,1
ReAtlas_us_geothermal.458,458,5
ReAtlas_us_geothermal.463,463,5
ReAtlas_us_geothermal.468,468,5
ReAtlas_us_geothermal.478,478,4
ReAtlas_us_geothermal.479,479,3
ReAtlas_us_geothermal.503,503,5
ReAtlas_us_geothermal.492,492,5
ReAtlas_us_geothermal.497,497,5
ReAtlas_us_geothermal.498,498,5
ReAtlas_us_geothermal.499,499,2
ReAtlas_us_geothermal.505,505,5
ReAtlas_us_geothermal.516,516,5
ReAtlas_us_geothermal.520,520,5
ReAtlas_us_geothermal.304,304,2
ReAtlas_us_geothermal.308,308,2
ReAtlas_us_geothermal.339,339,5
ReAtlas_us_geothermal.343,343,2
ReAtlas_us_geothermal.379,379,2
ReAtlas_us_geothermal.450,450,3
ReAtlas_us_geothermal.372,372,2
ReAtlas_us_geothermal.375,375,2
ReAtlas_us_geothermal.235,235,2
ReAtlas_us_geothermal.257,257,1
ReAtlas_us_geothermal.951,951,2
ReAtlas_us_geothermal.935,935,4
ReAtlas_us_geothermal.936,936,3
ReAtlas_us_geothermal.937,937,4
ReAtlas_us_geothermal.919,919,5
ReAtlas_us_geothermal.944,944,4
ReAtlas_us_geothermal.945,945,5
ReAtlas_us_geothermal.925,925,5
ReAtlas_us_geothermal.928,928,5
ReAtlas_us_geothermal.930,930,5
ReAtlas_us_geothermal.932,932,3
ReAtlas_us_geothermal.922,922,5
ReAtlas_us_geothermal.909,909,5
ReAtlas_us_geothermal.883,883,3
ReAtlas_us_geothermal.921,921,2
ReAtlas_us_geothermal.926,926,4
ReAtlas_us_geothermal.924,924,3
ReAtlas_us_geothermal.913,913,2
ReAtlas_us_geothermal.938,938,5
ReAtlas_us_geothermal.939,939,3
ReAtlas_us_geothermal.940,940,5
ReAtlas_us_geothermal.941,941,5
ReAtlas_us_geothermal.942,942,4
ReAtlas_us_geothermal.943,943,3
ReAtlas_us_geothermal.946,946,5
ReAtlas_us_geothermal.947,947,2
ReAtlas_us_geothermal.948,948,5
ReAtlas_us_geothermal.949,949,2
ReAtlas_us_geothermal.950,950,3
ReAtlas_us_geothermal.952,952,5
ReAtlas_us_geothermal.953,953,2
ReAtlas_us_geothermal.954,954,2
ReAtlas_us_geothermal.955,955,5
ReAtlas_us_geothermal.956,956,5
ReAtlas_us_geothermal.957,957,5
ReAtlas_us_geothermal.959,959,4
ReAtlas_us_geothermal.960,960,2
ReAtlas_us_geothermal.962,962,3
ReAtlas_us_geothermal.963,963,3
